,prediction
0,46.9076
1,57.406555
2,40.367638
3,49.494774
4,48.637794
5,49.829216
6,52.00036
7,36.49685
8,48.071045
9,51.202614
10,52.92256
11,54.308273
12,54.55342
13,47.042366
14,41.82258
15,46.14843
16,48.75103
17,50.419777
18,52.41741
19,39.581963
20,51.92404
21,35.057953
22,46.025482
23,30.781887
24,40.01068
25,38.04485
26,41.388435
27,52.336975
28,36.491028
29,36.701263
30,45.750175
31,43.753723
32,47.25805
33,26.251528
34,42.821106
35,38.095856
36,52.081
37,53.134796
38,53.519722
39,54.896217
40,43.191826
41,47.415215
42,50.709335
43,49.976105
44,53.07895
45,54.20414
46,46.69925
47,48.416733
48,48.155014
49,52.735542
50,44.078796
51,40.455406
52,44.83197
53,43.791695
54,49.80944
55,48.880325
56,49.478806
57,48.988533
58,45.34378
59,51.6472
60,51.844894
61,51.581726
62,52.71633
63,43.472626
64,51.12767
65,49.32866
66,48.423576
67,53.12255
68,48.07296
69,50.03669
70,53.182632
71,51.113197
72,50.21308
73,47.631416
74,50.76734
75,49.96353
76,52.70101
77,50.700447
78,53.665276
79,48.866158
80,50.398354
81,53.17961
82,52.669266
83,50.86357
84,53.134872
85,52.208504
86,51.781364
87,50.78498
88,50.03109
89,51.94773
90,50.234535
91,52.026558
92,48.190025
93,50.55722
94,52.31462
95,50.05452
96,53.312378
97,47.90148
98,49.472473
99,50.83429
100,49.228905
101,52.349342
102,49.872444
103,48.10363
104,50.150566
105,52.40165
106,50.64836
107,50.84578
108,44.084473
109,54.062607
110,42.198845
111,39.773216
112,47.60927
113,48.081276
114,53.653877
115,38.592674
116,43.88501
117,45.396973
118,48.335167
119,50.371986
120,55.489685
121,37.19068
122,40.459328
123,43.657593
124,50.0503
125,58.65789
126,53.133842
127,47.964867
128,50.392708
129,42.998024
130,48.016724
131,44.337418
132,40.93853
133,53.98874
134,44.239655
135,37.958794
136,45.46398
137,48.01892
138,58.79354
139,43.187675
140,41.911934
141,43.409958
142,48.402855
143,58.129288
144,52.551636
145,41.735176
146,33.608147
147,43.917397
148,44.597374
149,50.526344
150,54.494835
151,40.338676
152,54.413628
153,48.06407
154,32.04091
155,27.011518
156,55.08879
157,40.5991
158,42.96067
159,45.030922
160,49.64718
161,48.763832
162,26.752388
163,43.469017
164,50.23799
165,48.64332
166,51.91725
167,25.771465
168,50.23365
169,41.21466
170,36.36742
171,52.318893
172,50.580788
173,40.880623
174,46.228508
175,35.793762
176,48.932365
177,40.395218
178,56.680176
179,32.71129
180,59.50206
181,41.665726
182,55.289566
183,49.566162
184,48.677742
185,51.27497
186,34.478638
187,49.971138
188,53.76124
189,52.915573
190,55.064995
191,54.18583
192,45.84929
193,50.96128
194,56.70249
195,48.01129
196,51.555977
197,53.012238
198,46.93889
199,51.266792
200,51.218887
201,53.549232
202,42.095818
203,55.678627
204,41.2882
205,45.78679
206,60.76365
207,40.132988
208,56.10034
209,47.30793
210,49.917366
211,52.072517
212,35.66812
213,45.96048
214,52.23455
215,55.236282
216,54.690468
217,56.931458
218,41.17888
219,45.870094
220,49.568764
221,53.640305
222,53.132393
223,54.14344
224,44.352615
225,50.1316
226,45.11615
227,57.88684
228,44.650078
229,52.52452
230,44.06939
231,28.546635
232,59.69326
233,41.447914
234,48.721687
235,50.93818
236,47.20099
237,52.510994
238,31.05157
239,46.985573
240,50.913742
241,53.30789
242,54.19837
243,58.46026
244,47.24656
245,46.17006
246,44.76242
247,47.99816
248,53.50952
249,54.139732
250,45.540436
251,52.47769
252,43.10711
253,50.731567
254,47.084892
255,37.474644
256,59.3151
257,59.57881
258,44.96364
259,35.730965
260,53.39318
261,51.952423
262,58.3416
263,34.344147
264,52.532158
265,50.579468
266,55.725197
267,52.608536
268,58.637573
269,43.82676
270,51.902863
271,41.80578
272,60.598587
273,57.14315
274,53.45459
275,42.01277
276,53.797783
277,48.23535
278,49.69391
279,26.378637
280,40.34259
281,56.12169
282,31.07403
283,35.254993
284,47.832138
285,37.932583
286,45.172653
287,32.594193
288,38.251137
289,46.575966
290,47.993393
291,52.514412
292,47.644012
293,31.729664
294,29.467926
295,43.166466
296,46.815506
297,44.859306
298,47.36946
299,42.162094
300,42.259514
301,44.190514
302,42.375977
303,39.380547
304,44.37269
305,58.232452
306,42.4152
307,46.36547
308,48.037605
309,50.222977
310,53.36638
311,33.623116
312,43.750282
313,50.875313
314,52.45839
315,50.110374
316,55.719994
317,41.8582
318,44.44303
319,49.56321
320,49.701668
321,55.02211
322,52.730156
323,47.06601
324,50.352455
325,43.746933
326,55.42209
327,32.72269
328,40.042343
329,41.22393
330,28.084124
331,56.558525
332,40.545097
333,44.377785
334,43.32396
335,41.573708
336,50.4013
337,55.07733
338,30.35468
339,47.994255
340,48.81407
341,56.00866
342,52.96363
343,51.762047
344,37.886185
345,43.559616
346,52.54619
347,42.37996
348,47.806007
349,55.863586
350,47.570625
351,49.19873
352,45.601204
353,42.198677
354,53.43299
355,51.932404
356,49.64601
357,56.946
358,37.262398
359,36.785393
360,45.342148
361,49.15345
362,49.781517
363,46.511597
364,44.70826
365,47.491432
366,48.325615
367,47.316147
368,49.206337
369,42.64247
370,41.09806
371,42.56955
372,47.86154
373,49.190697
374,51.151947
375,43.432777
376,50.371826
377,54.779877
378,42.617653
379,46.73604
380,39.9002
381,43.64666
382,61.75994
383,32.590622
384,42.235893
385,44.658813
386,50.67713
387,53.33925
388,55.14508
389,37.99147
390,52.48867
391,55.35653
392,50.762085
393,54.395164
394,57.29532
395,33.740463
396,44.97876
397,50.338318
398,61.283913
399,52.026062
400,55.96292
401,50.796837
402,53.81566
403,53.55407
404,29.972694
405,34.265488
406,55.931847
407,38.930443
408,40.78112
409,46.57914
410,47.106415
411,51.594215
412,35.49462
413,42.51306
414,43.445244
415,50.38508
416,55.59941
417,52.905884
418,34.203655
419,43.092216
420,44.931946
421,47.766876
422,49.376137
423,53.57115
424,35.024857
425,48.378166
426,47.74769
427,45.658928
428,40.4349
429,38.754078
430,54.98549
431,43.248184
432,48.71447
433,46.766106
434,49.103714
435,50.5494
436,34.685326
437,47.26059
438,51.493744
439,47.338547
440,52.65503
441,56.18229
442,43.22271
443,47.140823
444,46.7136
445,49.224213
446,51.410904
447,50.268166
448,46.803665
449,49.471252
450,47.94349
451,55.142357
452,41.66079
453,42.161163
454,39.04215
455,60.237366
456,43.575325
457,50.298378
458,49.69993
459,51.430687
460,55.124786
461,36.63907
462,50.990623
463,53.868683
464,56.490143
465,54.59143
466,56.80072
467,34.438885
468,44.643166
469,49.314125
470,51.615692
471,55.530792
472,59.31904
473,46.735893
474,53.462593
475,48.909157
476,53.283836
477,33.808342
478,49.616585
479,58.489998
480,41.4224
481,53.495766
482,46.108833
483,49.452538
484,52.9237
485,40.179565
486,50.274467
487,48.920166
488,54.464622
489,49.41027
490,55.71402
491,38.733223
492,49.01593
493,46.303642
494,47.93017
495,50.479286
496,56.253967
497,44.77854
498,50.692284
499,50.323036
500,55.729355
501,38.286682
502,41.42739
503,51.11477
504,56.337486
505,41.96585
506,44.969254
507,48.830315
508,49.124985
509,50.431953
510,42.270584
511,44.877144
512,43.37892
513,51.61125
514,46.742447
515,57.859116
516,41.616135
517,46.908127
518,44.53575
519,47.12121
520,55.84272
521,54.20014
522,44.216614
523,50.228104
524,44.614433
525,44.91468
526,38.170174
527,51.728752
528,54.334564
529,39.360313
530,41.52005
531,45.4514
532,48.058487
533,50.855034
534,36.60829
535,51.793877
536,40.279045
537,47.771217
538,52.09252
539,48.53746
540,43.666435
541,42.735924
542,45.38714
543,39.028305
544,53.847176
545,50.807373
546,41.857536
547,47.79386
548,45.743347
549,46.655975
550,38.92466
551,38.033722
552,58.464775
553,41.212364
554,38.212723
555,47.78608
556,49.82617
557,53.129776
558,37.470455
559,47.329506
560,51.07557
561,49.275803
562,51.574585
563,52.286873
564,35.789665
565,41.722084
566,46.044106
567,48.265076
568,52.97078
569,55.590202
570,50.64028
571,50.772926
572,54.19201
573,41.58304
574,29.115313
575,51.749664
576,58.141212
577,40.296043
578,46.74176
579,47.771645
580,46.468964
581,52.100723
582,30.42983
583,44.922997
584,48.34845
585,50.697914
586,56.69065
587,42.08628
588,42.452034
589,50.514618
590,45.331284
591,52.52973
592,51.678
593,43.134827
594,50.31212
595,47.926933
596,51.89425
597,38.9506
598,43.52984
599,38.894943
600,43.41046
601,59.79538
602,43.140587
603,47.090378
604,50.733887
605,52.15905
606,53.2809
607,35.920837
608,42.59578
609,56.167976
610,56.846855
611,56.70652
612,55.15174
613,42.45986
614,41.046265
615,44.43174
616,49.196274
617,52.380333
618,56.77587
619,47.237038
620,53.25776
621,40.20806
622,52.046806
623,45.51248
624,44.21525
625,73.42012
626,56.786522
627,42.756516
628,43.350136
629,48.17121
630,50.49424
631,52.669777
632,37.01812
633,43.106102
634,47.92251
635,54.756676
636,54.822746
637,54.14624
638,42.141434
639,46.240067
640,50.686752
641,48.24266
642,49.08657
643,54.81803
644,47.632545
645,50.288147
646,51.007027
647,47.42739
648,56.95685
649,40.057976
650,45.686356
651,61.84137
652,43.21142
653,50.581184
654,50.82009
655,53.905464
656,53.757744
657,36.346115
658,50.461296
659,54.938187
660,53.263466
661,55.77778
662,57.889717
663,41.463997
664,45.54119
665,50.58635
666,39.749672
667,53.823143
668,55.685303
669,56.42312
670,46.80146
671,53.948883
672,46.702843
673,52.737305
674,53.34572
675,53.448845
676,43.928246
677,55.177887
678,41.14689
679,50.516846
680,45.78534
681,47.13688
682,50.48175
683,41.513275
684,50.113213
685,40.579994
686,49.640846
687,50.608658
688,52.285828
689,38.00322
690,42.56115
691,42.56732
692,51.591797
693,56.90825
694,56.60038
695,44.25856
696,50.409737
697,43.434067
698,48.610977
699,51.95244
700,58.877083
701,39.229385
702,41.479355
703,51.33168
704,48.481537
705,50.228836
706,45.4674
707,47.25692
708,48.083557
709,52.55838
710,48.017723
711,51.895775
712,30.012493
713,42.95217
714,54.737747
715,54.5188
716,52.245773
717,54.600624
718,43.734665
719,50.555786
720,46.802246
721,43.375023
722,33.78784
723,40.158195
724,44.33351
725,61.84838
726,40.73259
727,48.225197
728,49.95816
729,53.989067
730,53.12771
731,39.529095
732,44.799232
733,52.529373
734,55.664978
735,53.57276
736,59.30674
737,42.32482
738,48.543175
739,48.173203
740,56.239075
741,58.103226
742,55.398613
743,45.40896
744,44.43551
745,53.719894
746,45.14361
747,38.100937
748,47.571526
749,58.317482
750,59.662987
751,43.13922
752,55.095985
753,51.60943
754,48.9955
755,52.342155
756,39.873085
757,48.402596
758,53.252136
759,49.77365
760,54.387535
761,56.756714
762,41.664528
763,46.34204
764,50.39553
765,49.21733
766,53.6472
767,53.98362
768,47.89631
769,52.10251
770,47.685112
771,56.690742
772,35.860863
773,54.037148
774,59.654068
775,60.12861
776,39.704178
777,53.677162
778,45.860443
779,50.726738
780,54.597572
781,33.73601
782,50.85399
783,53.67576
784,56.695175
785,47.893936
786,52.38392
787,43.712936
788,46.73941
789,41.23249
790,50.92492
791,57.0663
792,56.88038
793,41.358887
794,48.404343
795,61.90072
796,57.08551
797,36.214584
798,38.509468
799,41.42813
800,65.123085
801,62.877884
802,40.129738
803,38.30868
804,53.71393
805,53.514862
806,51.83915
807,36.935993
808,40.076134
809,54.82924
810,54.952103
811,58.15732
812,58.210457
813,33.700684
814,40.29766
815,47.325203
816,47.93654
817,56.860916
818,56.656464
819,49.73828
820,52.862083
821,52.83188
822,37.548027
823,44.480095
824,60.2082
825,41.636047
826,45.025192
827,48.04522
828,50.840973
829,53.96968
830,33.707634
831,45.515648
832,53.0066
833,57.307205
834,52.52134
835,53.28295
836,45.73757
837,46.67698
838,39.862175
839,47.898407
840,54.351868
841,55.08448
842,44.21826
843,52.083588
844,49.68582
845,52.14247
846,46.332565
847,36.785027
848,56.575134
849,44.09864
850,50.91181
851,52.975204
852,48.24478
853,52.65251
854,32.77865
855,49.640167
856,53.28395
857,55.61187
858,57.28322
859,53.053596
860,41.07347
861,49.27906
862,50.142685
863,53.9438
864,54.682526
865,56.145523
866,43.624702
867,49.046013
868,30.5649
869,54.88302
870,48.85945
871,48.726196
872,58.03643
873,42.21441
874,48.773254
875,50.01091
876,49.877045
877,48.822426
878,31.804245
879,41.928925
880,51.819893
881,54.54397
882,53.06363
883,54.48934
884,40.91266
885,47.146843
886,49.64141
887,47.741173
888,48.17256
889,53.315292
890,44.836945
891,50.701775
892,50.55635
893,50.41587
894,42.498917
895,32.1093
896,42.576973
897,38.382683
898,57.20954
899,40.606583
900,44.47329
901,50.05625
902,50.002457
903,50.758026
904,35.77649
905,51.09085
906,48.46868
907,49.2032
908,51.80407
909,55.3388
910,41.956726
911,44.84703
912,43.249542
913,53.2128
914,49.287773
915,56.18457
916,48.08111
917,49.470306
918,49.018913
919,48.271484
920,50.154526
921,54.27466
922,33.7402
923,58.18345
924,42.519943
925,48.656166
926,51.363968
927,51.108673
928,51.86827
929,35.095745
930,52.0726
931,52.521454
932,50.324966
933,57.42698
934,58.81479
935,39.66363
936,39.70228
937,38.396088
938,51.652336
939,53.84059
940,58.49089
941,49.600113
942,53.621048
943,27.298435
944,44.206062
945,34.590057
946,56.23397
947,42.142815
948,41.53218
949,47.551697
950,49.89054
951,52.359024
952,37.29135
953,48.876724
954,48.886124
955,50.21112
956,48.731148
957,54.24817
958,44.021812
959,40.113716
960,48.86496
961,50.54509
962,49.1102
963,54.00065
964,45.575035
965,50.83229
966,49.799515
967,37.49031
968,36.13893
969,27.302734
970,34.945618
971,58.188446
972,43.611496
973,50.491142
974,48.184303
975,50.292244
976,54.501495
977,39.670483
978,52.008293
979,50.253113
980,52.33413
981,52.958885
982,55.711197
983,41.475662
984,43.60829
985,47.7576
986,49.905785
987,53.46517
988,55.864494
989,55.58084
990,53.7614
991,48.784073
992,47.355797
993,33.257324
994,44.362
995,40.737305
996,42.856956
997,55.76201
998,38.759777
999,40.873314
1000,43.302773
1001,53.010887
1002,48.680595
1003,25.550339
1004,47.06093
1005,48.30001
1006,50.576775
1007,52.46602
1008,54.505707
1009,44.667244
1010,43.479843
1011,50.310287
1012,51.91571
1013,51.314743
1014,43.0384
1015,47.763077
1016,44.39763
1017,48.958008
1018,41.875656
1019,56.542847
1020,42.392075
1021,44.296013
1022,48.754875
1023,50.571457
1024,51.47254
1025,36.61283
1026,44.54429
1027,47.72869
1028,52.094833
1029,52.09841
1030,56.98992
1031,41.704765
1032,47.492424
1033,41.979317
1034,52.620644
1035,48.886322
1036,53.72223
1037,47.78543
1038,51.442337
1039,47.447624
1040,38.30963
1041,33.20977
1042,51.31095
1043,59.12281
1044,43.547394
1045,49.88067
1046,52.318314
1047,47.312813
1048,55.514282
1049,36.519085
1050,46.054962
1051,53.267494
1052,55.128006
1053,52.983955
1054,61.014145
1055,45.14485
1056,47.03586
1057,44.58422
1058,47.998856
1059,57.165947
1060,55.342995
1061,47.238304
1062,52.032066
1063,52.503616
1064,52.421837
1065,57.84838
1066,31.392563
1067,56.729004
1068,41.81173
1069,44.532684
1070,47.80784
1071,49.120644
1072,51.588158
1073,38.59457
1074,44.31424
1075,48.512985
1076,48.711983
1077,52.924866
1078,55.93451
1079,39.188686
1080,48.481697
1081,44.151062
1082,49.58499
1083,50.93341
1084,54.083687
1085,46.866615
1086,50.240273
1087,46.939453
1088,50.82962
1089,27.72526
1090,38.168327
1091,49.806168
1092,46.92852
1093,57.64425
1094,45.500206
1095,45.0306
1096,53.48993
1097,51.865784
1098,51.182953
1099,36.903362
1100,50.668823
1101,45.5067
1102,54.372025
1103,55.655113
1104,58.604324
1105,50.953117
1106,42.171577
1107,50.487366
1108,53.117867
1109,54.22834
1110,53.204468
1111,46.631668
1112,53.597908
1113,50.04487
1114,41.219345
1115,48.449005
1116,52.300346
1117,41.528397
1118,44.11413
1119,44.604156
1120,47.685036
1121,51.21425
1122,35.340645
1123,44.346268
1124,41.8929
1125,52.582565
1126,46.93139
1127,54.364967
1128,44.986885
1129,41.397728
1130,44.1717
1131,44.39788
1132,55.333923
1133,49.923798
1134,44.019913
1135,50.09543
1136,38.593582
1137,30.705933
1138,33.941956
1139,57.394196
1140,38.75807
1141,52.289238
1142,43.742348
1143,46.21501
1144,50.419052
1145,34.07485
1146,49.270096
1147,50.000847
1148,47.83686
1149,49.242386
1150,52.45317
1151,37.970192
1152,52.591934
1153,53.240456
1154,41.83126
1155,47.447502
1156,50.431633
1157,37.97384
1158,49.5149
1159,39.261295
1160,48.839455
1161,52.127243
1162,43.777184
1163,45.167892
1164,59.16913
1165,39.541145
1166,42.962883
1167,46.11664
1168,49.30796
1169,54.390007
1170,40.438248
1171,48.544052
1172,49.69461
1173,51.52086
1174,53.40014
1175,55.32717
1176,35.428284
1177,45.511604
1178,49.745224
1179,48.43666
1180,52.366615
1181,52.654465
1182,46.29001
1183,50.410507
1184,33.284637
1185,51.79017
1186,40.66359
1187,47.8776
1188,43.930046
1189,59.13372
1190,36.749146
1191,44.366577
1192,48.331833
1193,49.670975
1194,48.103264
1195,34.902184
1196,44.52912
1197,47.413933
1198,48.182808
1199,53.138763
1200,55.928596
1201,39.38463
1202,44.63057
1203,46.073265
1204,52.775078
1205,50.166275
1206,50.802475
1207,44.84723
1208,49.524963
1209,43.16124
1210,29.533531
1211,36.665985
1212,52.303825
1213,59.07354
1214,43.21843
1215,45.09368
1216,49.380768
1217,49.58419
1218,55.758446
1219,36.050407
1220,47.933617
1221,56.864235
1222,50.367332
1223,56.184418
1224,56.030624
1225,38.09714
1226,43.675278
1227,47.12432
1228,49.105545
1229,55.504013
1230,56.959724
1231,47.87784
1232,52.083084
1233,51.186493
1234,51.58815
1235,55.22661
1236,34.982895
1237,39.526127
1238,56.836395
1239,40.77543
1240,46.51612
1241,47.94761
1242,46.33689
1243,53.257225
1244,34.799927
1245,46.90113
1246,50.016098
1247,50.702454
1248,52.603607
1249,54.460846
1250,37.6809
1251,47.03533
1252,45.95948
1253,48.671326
1254,54.00836
1255,51.713554
1256,44.572174
1257,50.76956
1258,47.646797
1259,49.2629
1260,42.837296
1261,39.570946
1262,42.403862
1263,51.55993
1264,53.641197
1265,40.66739
1266,47.11178
1267,45.95942
1268,47.1773
1269,49.896835
1270,34.08659
1271,44.678185
1272,45.61313
1273,45.54088
1274,48.30343
1275,56.116524
1276,40.957092
1277,47.191154
1278,47.236633
1279,50.67344
1280,50.0571
1281,51.176033
1282,43.428833
1283,48.1092
1284,48.361725
1285,33.388336
1286,56.453033
1287,41.301872
1288,48.411224
1289,50.15753
1290,46.5458
1291,53.953857
1292,36.294907
1293,49.05355
1294,47.6168
1295,53.660484
1296,52.438576
1297,53.65458
1298,42.905945
1299,41.227264
1300,49.479378
1301,46.335358
1302,53.2946
1303,53.675766
1304,45.295845
1305,49.866585
1306,48.79801
1307,49.432526
1308,36.692245
1309,38.913803
1310,60.173355
1311,41.322586
1312,41.41854
1313,54.00579
1314,49.487534
1315,54.31859
1316,43.262016
1317,48.924316
1318,43.129166
1319,55.292496
1320,58.377335
1321,56.362534
1322,39.80453
1323,39.894684
1324,52.65355
1325,51.749077
1326,53.782524
1327,57.178566
1328,41.792755
1329,52.55844
1330,53.49871
1331,53.88611
1332,45.504387
1333,58.25197
1334,40.870354
1335,46.820633
1336,55.274345
1337,30.898956
1338,56.857536
1339,52.151115
1340,54.19545
1341,43.043404
1342,45.39839
1343,47.567894
1344,42.53985
1345,39.727753
1346,49.20748
1347,70.608925
1348,48.82514
1349,43.42166
1350,59.051918
1351,60.41214
1352,48.234215
1353,48.679237
1354,36.593407
1355,53.136497
1356,46.768227
1357,50.6884
1358,47.489105
1359,47.18898
1360,53.33745
1361,27.559511
1362,39.457855
1363,53.92724
1364,54.169426
1365,57.72509
1366,55.6763
1367,48.048508
1368,54.081482
1369,57.759933
1370,50.771812
1371,48.61229
1372,58.67209
1373,39.6457
1374,50.99862
1375,44.48123
1376,41.276093
1377,44.53129
1378,46.00097
1379,35.277
1380,47.501984
1381,44.48841
1382,32.655094
1383,40.819946
1384,31.331018
1385,42.037796
1386,49.168312
1387,56.7427
1388,41.90178
1389,41.702293
1390,48.05005
1391,41.930367
1392,38.770706
1393,45.775665
1394,47.309464
1395,44.38137
1396,45.81891
1397,42.178238
1398,44.593414
1399,37.421623
1400,40.38095
1401,39.696617
1402,50.299088
1403,45.165047
1404,43.29193
1405,30.16105
1406,24.025839
1407,38.438354
1408,46.85919
1409,49.679848
1410,48.148636
1411,38.416645
1412,50.096687
1413,47.12226
1414,44.911064
1415,45.17321
1416,43.76896
1417,35.0813
1418,35.702415
1419,37.21464
1420,54.365707
1421,46.8285
1422,11.299116
1423,40.009445
1424,52.39051
1425,42.543884
1426,33.92103
1427,50.035767
1428,43.55815
1429,41.17205
1430,49.42076
1431,35.543385
1432,31.81577
1433,36.12793
1434,41.6966
1435,30.302872
1436,37.772224
1437,43.40631
1438,33.919968
1439,38.551666
1440,44.05481
1441,45.40708
1442,45.246445
1443,36.121643
1444,45.77205
1445,35.487114
1446,36.38657
1447,37.302017
1448,39.16327
1449,35.497513
1450,43.91082
1451,44.831543
1452,44.057068
1453,45.86528
1454,40.669167
1455,41.869522
1456,35.707756
1457,45.11
1458,40.588203
1459,48.41829
1460,47.005394
1461,35.960526
1462,37.02864
1463,39.90172
1464,40.605904
1465,52.75087
1466,42.74672
1467,37.883247
1468,38.896347
1469,41.318398
1470,42.37858
1471,49.49881
1472,48.751625
1473,54.921288
1474,49.54322
1475,50.016655
1476,41.724052
1477,29.953506
1478,45.645744
1479,59.528008
1480,60.484795
1481,56.75129
1482,40.044693
1483,54.62287
1484,55.876854
1485,47.679176
1486,51.081406
1487,47.26233
1488,47.67952
1489,40.997887
1490,46.398476
1491,61.02385
1492,38.034916
1493,37.118637
1494,38.611183
1495,45.128075
1496,42.1491
1497,39.46189
1498,38.43605
1499,55.541985
1500,30.559877
1501,18.826588
1502,40.8687
1503,53.38405
1504,47.80847
1505,41.695076
1506,46.72065
1507,30.196745
1508,46.329697
1509,52.396194
1510,37.569443
1511,41.403778
1512,42.24147
1513,33.59311
1514,41.105156
1515,36.22235
1516,57.34526
1517,35.887367
1518,41.96666
1519,38.736588
1520,48.650208
1521,41.444183
1522,41.54442
1523,30.696045
1524,18.208591
1525,39.408092
1526,48.14743
1527,51.14138
1528,46.824776
1529,36.256172
1530,44.353333
1531,49.45713
1532,35.47941
1533,42.620796
1534,38.281273
1535,35.11307
1536,33.997494
1537,36.951782
1538,41.083588
1539,49.171524
1540,13.584631
1541,55.743393
1542,45.59707
1543,33.729576
1544,43.58207
1545,53.35196
1546,44.844803
1547,49.75521
1548,51.657402
1549,42.981506
1550,38.544983
1551,44.16047
1552,58.101418
1553,58.58216
1554,54.738495
1555,37.139893
1556,57.089394
1557,44.615044
1558,49.54309
1559,53.763786
1560,40.83468
1561,47.979874
1562,39.413612
1563,47.382584
1564,61.765785
1565,36.854942
1566,28.84571
1567,35.059868
1568,34.873947
1569,35.308655
1570,51.3413
1571,37.600872
1572,36.79266
1573,20.487488
1574,19.761103
1575,32.32039
1576,39.193314
1577,42.455917
1578,40.17315
1579,31.702057
1580,44.20758
1581,41.539482
1582,38.22712
1583,38.439865
1584,37.49604
1585,27.471355
1586,32.729332
1587,32.544434
1588,40.749763
1589,46.38949
1590,11.912123
1591,48.963776
1592,38.39357
1593,37.28127
1594,31.468605
1595,31.020174
1596,38.52692
1597,35.472397
1598,33.11644
1599,23.522137
1600,16.748913
1601,26.795956
1602,35.0797
1603,37.138443
1604,37.228325
1605,29.292654
1606,34.332535
1607,36.80681
1608,32.68878
1609,29.189962
1610,33.45694
1611,28.7061
1612,25.936274
1613,29.361908
1614,44.40747
1615,37.64673
1616,11.734693
1617,31.604671
1618,33.14708
1619,42.808083
1620,36.785194
1621,34.133736
1622,46.048935
1623,40.037376
1624,36.550827
1625,26.080132
1626,16.368584
1627,32.998222
1628,40.877823
1629,41.38694
1630,41.063164
1631,33.861954
1632,48.48253
1633,42.88231
1634,35.883102
1635,37.9402
1636,42.65934
1637,28.876652
1638,30.950666
1639,33.223457
1640,53.44687
1641,45.215263
1642,8.000422
1643,49.912987
1644,26.999733
1645,41.63098
1646,41.251526
1647,53.70044
1648,46.472847
1649,39.084732
1650,32.644585
1651,23.059822
1652,34.08541
1653,47.19066
1654,47.83464
1655,46.677635
1656,41.556473
1657,49.964798
1658,46.717216
1659,38.351765
1660,46.40336
1661,36.134956
1662,38.399235
1663,35.096153
1664,39.07184
1665,52.5177
1666,34.138298
1667,9.338228
1668,35.409927
1669,23.560406
1670,36.42045
1671,54.68876
1672,41.833107
1673,43.01214
1674,16.44423
1675,15.23045
1676,22.264694
1677,36.6454
1678,37.17042
1679,43.233803
1680,32.60235
1681,45.378685
1682,48.19745
1683,44.97065
1684,36.449738
1685,23.375769
1686,19.315891
1687,30.091164
1688,10.693287
1689,51.89411
1690,26.986273
1691,8.000422
1692,39.469364
1693,38.74512
1694,36.202705
1695,41.676674
1696,39.977974
1697,37.636528
1698,29.276342
1699,18.149082
1700,35.23107
1701,38.452095
1702,42.09649
1703,43.39173
1704,34.800156
1705,41.239784
1706,41.63997
1707,35.370575
1708,35.948666
1709,35.953056
1710,33.718914
1711,30.798273
1712,36.714146
1713,44.168518
1714,35.808693
1715,14.028438
1716,39.20376
1717,32.255127
1718,29.85371
1719,40.175453
1720,45.045753
1721,51.564568
1722,44.331078
1723,47.037453
1724,31.547108
1725,20.936523
1726,37.09423
1727,49.06758
1728,50.832848
1729,52.120064
1730,42.29635
1731,50.197563
1732,48.334816
1733,42.54332
1734,55.828735
1735,41.729134
1736,36.785442
1737,31.395288
1738,40.498085
1739,52.93286
1740,41.846825
1741,8.000422
1742,27.268326
1743,36.437172
1744,29.741539
1745,34.897484
1746,38.314217
1747,34.49505
1748,24.658323
1749,18.551582
1750,36.932243
1751,41.81006
1752,42.943474
1753,36.69741
1754,21.56985
1755,45.638893
1756,32.72358
1757,32.84851
1758,35.896244
1759,36.178078
1760,30.486506
1761,21.907291
1762,24.230316
1763,34.27065
1764,43.51944
1765,22.11372
1766,67.317726
1767,51.580452
1768,38.58532
1769,36.527092
1770,41.167442
1771,40.008713
1772,39.125374
1773,31.112947
1774,27.657969
1775,35.34096
1776,35.46184
1777,48.978783
1778,42.69615
1779,34.59276
1780,38.309326
1781,44.509842
1782,34.080357
1783,32.882114
1784,46.033333
1785,35.33081
1786,26.004515
1787,37.97187
1788,38.56968
1789,45.18316
1790,59.132675
1791,44.434242
1792,42.322067
1793,52.84127
1794,46.33403
1795,45.21057
1796,35.866203
1797,21.490372
1798,37.55894
1799,48.747948
1800,53.421806
1801,51.82834
1802,42.897713
1803,51.49375
1804,47.639984
1805,40.296043
1806,42.249542
1807,47.33853
1808,39.535698
1809,34.82404
1810,42.459175
1811,54.297096
1812,49.92121
1813,14.375034
1814,24.136284
1815,44.31073
1816,44.87799
1817,46.341156
1818,46.22837
1819,46.09355
1820,36.701805
1821,22.28592
1822,44.875298
1823,48.540405
1824,54.728447
1825,51.384735
1826,41.96804
1827,49.70215
1828,48.233536
1829,47.946083
1830,45.505424
1831,47.407196
1832,38.325592
1833,36.43245
1834,44.693497
1835,57.06301
1836,34.79734
1837,10.470499
1838,38.735115
1839,61.228355
1840,47.05133
1841,41.768578
1842,51.46566
1843,45.15091
1844,46.29551
1845,36.38886
1846,24.310606
1847,39.204033
1848,54.1373
1849,51.323997
1850,53.570717
1851,42.661102
1852,51.31582
1853,47.282387
1854,43.393562
1855,45.7156
1856,50.44449
1857,39.517826
1858,38.5385
1859,51.44464
1860,45.106216
1861,46.521637
1862,36.329826
1863,10.986317
1864,44.117516
1865,43.52082
1866,42.188774
1867,44.87673
1868,46.7797
1869,38.119785
1870,27.805634
1871,40.694435
1872,51.23829
1873,50.959473
1874,40.46826
1875,51.67076
1876,48.774704
1877,46.813652
1878,48.8879
1879,46.031708
1880,37.694733
1881,36.51987
1882,43.47336
1883,56.50815
1884,45.55847
1885,18.536661
1886,42.58606
1887,40.74607
1888,45.776207
1889,48.835495
1890,51.72322
1891,48.427673
1892,46.673073
1893,39.78112
1894,26.775084
1895,46.355698
1896,56.273544
1897,53.94449
1898,52.018692
1899,41.97724
1900,50.156296
1901,53.33145
1902,53.896027
1903,52.68875
1904,46.394722
1905,40.82393
1906,39.068424
1907,48.06768
1908,53.83036
1909,38.106094
1910,31.032936
1911,38.734562
1912,47.114403
1913,49.396637
1914,47.90857
1915,52.33429
1916,49.0782
1917,39.839756
1918,33.704964
1919,38.059822
1920,60.538063
1921,55.18679
1922,50.728615
1923,48.061905
1924,47.056984
1925,57.16137
1926,47.432457
1927,50.975792
1928,45.656296
1929,45.66549
1930,34.98656
1931,43.96856
1932,57.17865
1933,39.991486
1934,55.456
1935,35.799717
1936,41.34984
1937,40.4554
1938,46.432617
1939,45.031517
1940,42.6903
1941,29.043917
1942,25.531944
1943,34.519436
1944,40.555916
1945,51.260574
1946,44.349655
1947,39.0113
1948,51.533752
1949,41.69111
1950,45.738
1951,44.81418
1952,41.73426
1953,33.01764
1954,29.414047
1955,41.58026
1956,38.328495
1957,59.45916
1958,32.81584
1959,39.24357
1960,43.904076
1961,48.06584
1962,46.315575
1963,44.8575
1964,32.20266
1965,21.019829
1966,38.7024
1967,43.515533
1968,47.214767
1969,48.814262
1970,40.42874
1971,43.52774
1972,49.632835
1973,39.057766
1974,48.613365
1975,38.9906
1976,38.228523
1977,36.80941
1978,39.921036
1979,51.750557
1980,38.330566
1981,8.609659
1982,50.899055
1983,36.494377
1984,42.243126
1985,35.131336
1986,28.241163
1987,42.919746
1988,37.712486
1989,31.913921
1990,23.94278
1991,17.216673
1992,26.168507
1993,33.25102
1994,36.718273
1995,38.6783
1996,33.095985
1997,40.21531
1998,41.35208
1999,34.51471
2000,37.35807
2001,34.538376
2002,26.642563
2003,29.366997
2004,31.144901
2005,46.38549
2006,39.172657
2007,9.043022
2008,39.91886
2009,18.76823
2010,45.50112
2011,45.930946
2012,46.879112
2013,50.512672
2014,46.2565
2015,36.42794
2016,29.951866
2017,40.45996
2018,53.67225
2019,51.337357
2020,48.321564
2021,44.93383
2022,54.130714
2023,48.14363
2024,47.945297
2025,51.969345
2026,46.03824
2027,38.20148
2028,40.956795
2029,45.45247
2030,54.168213
2031,49.306335
2032,9.862381
2033,55.239166
2034,46.054375
2035,42.048813
2036,36.62401
2037,46.53128
2038,42.538887
2039,41.50022
2040,31.513527
2041,22.13764
2042,34.21608
2043,39.53634
2044,45.339287
2045,45.768723
2046,40.183105
2047,47.59774
2048,49.45643
2049,43.229164
2050,40.56643
2051,40.210632
2052,34.165207
2053,31.282297
2054,39.47979
2055,45.635796
2056,48.701996
2057,13.5187025
2058,49.84169
2059,51.791183
2060,48.10228
2061,54.1295
2062,46.32383
2063,53.10456
2064,56.64129
2065,43.82808
2066,24.27313
2067,52.1783
2068,65.50317
2069,63.057785
2070,55.250626
2071,42.235153
2072,56.519646
2073,57.56983
2074,48.548317
2075,48.120094
2076,53.664032
2077,43.946693
2078,45.114952
2079,44.035812
2080,64.714134
2081,29.0602
2082,43.896156
2083,43.007866
2084,50.602318
2085,42.45997
2086,46.66897
2087,36.07209
2088,22.881271
2089,36.827972
2090,48.514214
2091,50.76519
2092,56.4031
2093,40.967674
2094,51.10917
2095,50.13156
2096,41.386032
2097,45.216347
2098,45.776978
2099,38.68193
2100,36.75354
2101,42.983734
2102,53.076355
2103,43.1111
2104,8.000422
2105,34.951508
2106,40.41458
2107,34.692825
2108,35.715897
2109,34.318436
2110,38.03932
2111,36.93815
2112,29.960564
2113,19.060791
2114,32.225464
2115,37.150276
2116,44.503952
2117,40.995544
2118,33.280037
2119,41.639465
2120,37.6598
2121,40.750343
2122,33.23134
2123,34.0847
2124,33.513294
2125,29.527538
2126,35.54725
2127,36.315414
2128,41.7565
2129,35.862045
2130,36.81552
2131,45.871857
2132,44.243256
2133,47.75054
2134,46.626938
2135,44.7268
2136,41.063194
2137,23.275537
2138,43.057327
2139,48.287437
2140,55.08026
2141,52.21943
2142,41.932602
2143,48.772804
2144,45.96189
2145,46.87433
2146,49.16063
2147,43.90911
2148,40.778915
2149,35.1603
2150,45.20349
2151,50.002296
2152,45.741325
2153,17.632984
2154,47.648247
2155,43.147293
2156,35.398342
2157,34.92051
2158,35.226997
2159,42.722565
2160,35.32025
2161,26.644245
2162,21.163124
2163,33.35285
2164,33.86305
2165,41.95952
2166,40.26754
2167,35.032402
2168,36.17268
2169,39.41225
2170,37.645756
2171,34.91996
2172,33.239567
2173,30.043484
2174,35.976746
2175,35.646423
2176,38.19114
2177,36.55219
2178,17.731007
2179,44.556503
2180,39.595024
2181,18.283524
2182,35.547924
2183,35.39586
2184,41.626747
2185,38.3817
2186,35.913525
2187,30.12767
2188,15.758968
2189,38.822414
2190,34.80845
2191,42.139694
2192,39.627968
2193,35.40734
2194,37.57155
2195,42.058403
2196,38.38458
2197,41.407494
2198,35.882446
2199,30.925932
2200,31.151367
2201,37.124786
2202,19.660358
2203,12.466153
2204,37.202515
2205,38.81604
2206,33.970566
2207,54.60311
2208,38.350983
2209,37.981544
2210,25.934319
2211,15.759956
2212,32.20405
2213,34.890038
2214,43.047005
2215,45.36699
2216,36.334602
2217,51.41712
2218,41.655167
2219,44.18522
2220,38.80706
2221,37.38126
2222,31.495872
2223,26.934376
2224,34.10595
2225,50.24077
2226,49.53222
2227,8.486623
2228,25.591412
2229,39.0561
2230,37.28988
2231,44.215584
2232,37.879646
2233,42.444496
2234,29.856459
2235,22.304565
2236,42.78238
2237,46.04731
2238,45.605507
2239,40.974937
2240,32.09412
2241,44.705147
2242,38.054726
2243,39.973312
2244,39.240685
2245,36.589134
2246,34.743546
2247,35.668533
2248,33.773438
2249,29.084545
2250,40.892944
2251,50.73806
2252,44.298164
2253,35.57029
2254,34.6567
2255,41.877945
2256,41.20759
2257,35.21143
2258,24.835432
2259,14.631714
2260,29.263784
2261,36.73789
2262,42.57772
2263,42.112206
2264,33.12635
2265,40.113113
2266,40.3814
2267,33.224228
2268,38.93019
2269,36.139267
2270,28.022724
2271,27.942856
2272,33.81162
2273,46.166527
2274,40.002724
2275,10.716423
2276,25.495356
2277,27.935606
2278,35.245365
2279,40.873352
2280,45.26676
2281,52.131355
2282,47.669266
2283,43.999016
2284,34.21235
2285,22.275614
2286,41.617073
2287,50.280273
2288,55.580566
2289,47.766617
2290,38.76684
2291,50.047226
2292,51.909286
2293,47.28042
2294,43.79251
2295,45.829643
2296,37.73613
2297,35.874077
2298,40.71084
2299,57.476265
2300,41.33422
2301,10.20152
2302,51.962326
2303,42.979958
2304,44.5747
2305,43.39862
2306,39.475548
2307,45.371872
2308,47.528847
2309,39.853485
2310,22.406078
2311,44.717033
2312,49.69091
2313,54.13684
2314,51.167755
2315,44.69851
2316,45.183823
2317,45.97174
2318,52.19085
2319,48.516617
2320,45.54619
2321,42.09896
2322,27.605652
2323,44.543884
2324,51.33197
2325,62.04316
2326,40.141335
2327,42.381996
2328,44.267982
2329,47.611946
2330,46.204437
2331,43.43264
2332,34.33931
2333,20.975641
2334,40.6939
2335,47.338005
2336,51.54338
2337,50.47364
2338,40.483536
2339,51.930923
2340,46.4983
2341,47.769943
2342,41.62754
2343,46.664658
2344,35.8161
2345,34.6625
2346,42.903046
2347,37.633892
2348,48.856155
2349,49.389404
2350,14.969013
2351,72.61325
2352,54.45591
2353,45.473915
2354,44.434547
2355,53.554375
2356,43.02899
2357,47.4152
2358,37.719994
2359,29.584356
2360,39.630684
2361,55.67608
2362,50.814674
2363,50.70964
2364,41.66407
2365,46.3528
2366,49.10959
2367,48.311172
2368,47.161842
2369,46.137512
2370,41.16604
2371,39.67151
2372,43.099075
2373,51.90384
2374,56.28089
2375,8.000422
2376,54.627625
2377,44.123848
2378,39.889626
2379,39.967346
2380,52.688316
2381,44.653404
2382,43.906914
2383,28.33674
2384,23.580456
2385,36.142952
2386,45.610992
2387,50.281624
2388,44.09153
2389,39.261036
2390,47.813293
2391,46.01187
2392,44.23201
2393,45.975464
2394,37.55654
2395,34.71131
2396,36.75856
2397,40.38768
2398,47.830627
2399,8.000422
2400,42.923813
2401,42.498734
2402,39.710308
2403,46.3582
2404,47.65187
2405,41.78367
2406,29.02034
2407,20.085743
2408,36.50801
2409,44.967728
2410,50.698784
2411,47.088837
2412,41.241974
2413,47.535034
2414,48.04737
2415,50.070442
2416,41.880264
2417,46.57753
2418,33.444565
2419,30.404303
2420,40.857872
2421,52.222824
2422,48.966194
2423,8.000422
2424,44.706566
2425,36.76912
2426,32.803726
2427,48.777664
2428,41.116844
2429,32.493984
2430,25.365816
2431,14.8593445
2432,32.89408
2433,35.628098
2434,43.997253
2435,46.018745
2436,33.546715
2437,47.056313
2438,42.014046
2439,37.90445
2440,37.551
2441,35.07693
2442,29.160507
2443,28.569609
2444,33.666237
2445,36.886868
2446,47.09858
2447,8.000422
2448,35.532295
2449,42.549706
2450,46.3404
2451,47.06704
2452,47.403633
2453,46.235153
2454,34.648838
2455,21.496746
2456,43.075516
2457,53.428238
2458,57.881744
2459,46.954674
2460,39.180973
2461,54.210495
2462,48.03807
2463,51.052193
2464,45.677742
2465,45.982002
2466,35.874134
2467,36.4631
2468,40.466713
2469,56.442596
2470,31.96131
2471,22.569447
2472,52.14818
2473,40.003387
2474,46.229218
2475,43.118004
2476,35.342865
2477,31.893929
2478,41.522858
2479,39.274292
2480,37.999214
2481,17.147005
2482,33.89058
2483,51.035522
2484,46.871727
2485,45.941116
2486,35.74694
2487,31.763306
2488,35.039635
2489,44.410484
2490,41.627144
2491,42.795403
2492,42.281357
2493,27.097612
2494,40.304512
2495,31.896816
2496,49.159744
2497,32.967075
2498,49.338425
2499,45.519264
2500,47.142143
2501,50.514595
2502,51.955894
2503,38.784164
2504,29.10645
2505,46.923294
2506,56.18712
2507,54.18937
2508,56.69998
2509,38.794525
2510,45.459213
2511,51.493645
2512,53.055145
2513,52.852615
2514,46.179146
2515,43.506058
2516,41.32321
2517,45.06083
2518,62.9206
2519,49.16188
2520,51.439903
2521,44.88684
2522,47.35801
2523,52.612984
2524,49.454918
2525,47.54892
2526,32.873657
2527,31.090828
2528,41.883842
2529,52.11664
2530,52.653946
2531,52.268456
2532,39.759987
2533,57.346832
2534,41.01648
2535,48.0338
2536,47.95771
2537,47.136726
2538,40.364014
2539,40.303482
2540,42.657784
2541,55.50547
2542,51.261284
2543,8.000422
2544,36.65163
2545,22.508774
2546,35.734276
2547,34.997612
2548,37.52211
2549,37.52371
2550,34.58142
2551,32.08454
2552,11.167817
2553,32.151978
2554,40.249397
2555,44.347878
2556,47.959206
2557,36.785244
2558,33.850964
2559,35.87705
2560,34.411316
2561,41.68981
2562,36.761627
2563,32.823174
2564,31.089987
2565,35.535606
2566,37.175125
2567,39.93547
2568,10.920742
2569,42.660553
2570,29.784855
2571,37.36399
2572,35.012897
2573,44.090965
2574,43.60106
2575,38.46521
2576,25.493595
2577,22.381676
2578,32.369873
2579,41.60804
2580,42.68869
2581,41.237648
2582,34.526646
2583,48.288033
2584,39.2578
2585,36.788876
2586,34.953022
2587,35.94367
2588,32.22292
2589,35.257286
2590,37.181217
2591,31.697662
2592,58.987488
2593,27.45727
2594,24.599522
2595,38.641174
2596,39.95034
2597,47.15586
2598,43.19445
2599,42.945892
2600,29.26488
2601,23.20054
2602,35.08914
2603,40.407616
2604,50.961678
2605,45.093697
2606,36.89562
2607,51.162132
2608,47.696877
2609,42.561165
2610,43.204124
2611,39.812267
2612,33.084293
2613,33.678703
2614,37.585403
2615,55.31427
2616,36.805138
2617,14.053067
2618,50.817398
2619,47.127647
2620,41.263184
2621,38.78257
2622,47.71714
2623,42.754326
2624,45.36236
2625,28.030746
2626,22.682032
2627,38.37703
2628,45.531654
2629,46.06839
2630,43.19158
2631,39.387398
2632,52.497093
2633,45.393616
2634,46.262794
2635,43.588425
2636,42.755707
2637,34.445946
2638,30.811468
2639,41.212067
2640,48.391663
2641,53.12728
2642,9.52959
2643,56.354576
2644,45.10105
2645,31.006123
2646,52.211067
2647,51.764145
2648,46.762398
2649,55.81713
2650,53.953697
2651,44.42285
2652,33.88793
2653,48.850502
2654,56.790176
2655,64.51654
2656,60.175148
2657,44.263283
2658,49.952553
2659,52.71998
2660,59.68235
2661,56.181335
2662,59.647835
2663,46.154213
2664,45.94319
2665,52.609863
2666,58.754837
2667,58.469032
2668,43.176094
2669,40.5776
2670,37.549488
2671,45.818726
2672,48.05577
2673,33.175117
2674,18.006672
2675,36.70521
2676,48.6728
2677,43.39055
2678,50.372467
2679,48.217743
2680,40.45807
2681,45.40284
2682,39.545902
2683,45.876144
2684,46.906097
2685,38.4411
2686,37.441536
2687,43.780952
2688,38.85939
2689,33.950798
2690,58.87079
2691,41.01113
2692,37.83822
2693,36.002384
2694,34.355892
2695,34.07364
2696,43.109215
2697,32.279152
2698,20.548588
2699,26.880913
2700,49.562332
2701,47.385864
2702,41.119347
2703,34.572388
2704,33.352898
2705,43.313385
2706,31.655067
2707,36.930244
2708,42.01155
2709,32.307213
2710,32.249245
2711,37.008858
2712,36.878036
2713,39.83979
2714,37.02201
2715,42.12507
2716,45.01062
2717,31.40917
2718,29.915245
2719,23.789114
2720,38.929848
2721,42.056038
2722,41.43566
2723,33.51072
2724,30.517384
2725,30.880503
2726,32.03422
2727,46.32051
2728,41.984886
2729,37.384197
2730,35.990414
2731,33.979294
2732,39.04004
2733,11.112048
2734,52.27417
2735,48.516937
2736,38.86654
2737,41.799995
2738,45.41607
2739,40.573784
2740,38.470314
2741,36.297554
2742,20.975641
2743,39.409912
2744,44.54619
2745,51.992874
2746,49.020164
2747,31.833378
2748,43.400635
2749,40.116745
2750,32.617897
2751,38.909996
2752,44.853394
2753,24.055544
2754,36.131115
2755,41.31926
2756,26.031246
2757,55.11152
2758,27.10342
2759,49.397057
2760,49.45169
2761,40.069496
2762,17.443493
2763,51.4765
2764,49.298225
2765,53.680832
2766,41.087173
2767,22.473984
2768,30.589006
2769,40.902473
2770,36.875984
2771,44.539215
2772,52.910004
2773,40.70508
2774,36.903
2775,23.698141
2776,44.54187
2777,39.974792
2778,29.4804
2779,29.456167
2780,35.089466
2781,59.863075
2782,41.831917
2783,29.410416
2784,14.846003
2785,21.262005
2786,27.121542
2787,30.704847
2788,35.25866
2789,39.710785
2790,44.60771
2791,56.515068
2792,48.70948
2793,41.3945
2794,34.759598
2795,26.903297
2796,15.505436
2797,39.1648
2798,27.821774
2799,42.03682
2800,42.824593
2801,27.167046
2802,21.791569
2803,36.564342
2804,29.668507
2805,30.43653
2806,41.265846
2807,26.231882
2808,32.716454
2809,45.224396
2810,29.118141
2811,22.781658
2812,29.6957
2813,36.29978
2814,21.000736
2815,41.56684
2816,40.939323
2817,29.53805
2818,28.757208
2819,33.38249
2820,37.513584
2821,32.370728
2822,33.528305
2823,42.062775
2824,40.163795
2825,28.55344
2826,32.67955
2827,27.77285
2828,34.157227
2829,25.984507
2830,42.132195
2831,35.00296
2832,28.363827
2833,32.177246
2834,33.86994
2835,26.443525
2836,41.133644
2837,28.048038
2838,36.95765
2839,31.915396
2840,31.225851
2841,36.307716
2842,40.17385
2843,24.212934
2844,31.634483
2845,32.94737
2846,37.656334
2847,25.623066
2848,39.64817
2849,35.29854
2850,22.178993
2851,26.64677
2852,32.155163
2853,24.868074
2854,39.876404
2855,27.673983
2856,31.7544
2857,40.799606
2858,57.388084
2859,33.203224
2860,34.87082
2861,45.699486
2862,67.136955
2863,45.75254
2864,33.74091
2865,20.353796
2866,20.487175
2867,28.302523
2868,39.195835
2869,44.808823
2870,51.36808
2871,50.66278
2872,66.41139
2873,55.60521
2874,42.4841
2875,29.157951
2876,30.463488
2877,19.690054
2878,45.495964
2879,39.243637
2880,45.205627
2881,36.104424
2882,33.432953
2883,27.482428
2884,23.882236
2885,28.078426
2886,45.186516
2887,30.035555
2888,26.197252
2889,11.253791
2890,15.105087
2891,16.139645
2892,25.532076
2893,25.693077
2894,34.386032
2895,31.345709
2896,37.984882
2897,27.855015
2898,30.402603
2899,20.046507
2900,19.108429
2901,20.068531
2902,26.38187
2903,21.720411
2904,23.407944
2905,33.87411
2906,20.109447
2907,28.56787
2908,35.530712
2909,56.59845
2910,37.318848
2911,27.417522
2912,15.789295
2913,17.078293
2914,21.75429
2915,26.839558
2916,34.06684
2917,40.2445
2918,43.399666
2919,52.527725
2920,41.716446
2921,29.087652
2922,29.74138
2923,22.429901
2924,14.502905
2925,39.02672
2926,30.56404
2927,35.18229
2928,34.281773
2929,24.205645
2930,35.24345
2931,42.016335
2932,25.412725
2933,39.87787
2934,48.30133
2935,71.902374
2936,47.671516
2937,36.77096
2938,26.162424
2939,15.773977
2940,26.457283
2941,50.693825
2942,56.22335
2943,53.147476
2944,54.146324
2945,65.03903
2946,50.986908
2947,38.85474
2948,37.30675
2949,33.95569
2950,26.178337
2951,48.855682
2952,44.073997
2953,48.328407
2954,38.48899
2955,42.369408
2956,37.08046
2957,25.837715
2958,31.214853
2959,50.98545
2960,30.773174
2961,25.139433
2962,14.523774
2963,16.473188
2964,24.844332
2965,26.18718
2966,31.116676
2967,31.626806
2968,34.887238
2969,45.59545
2970,39.27904
2971,33.44046
2972,31.708187
2973,28.504751
2974,14.047693
2975,29.344425
2976,23.776823
2977,33.40042
2978,36.333748
2979,22.227919
2980,12.98926
2981,16.858753
2982,24.474442
2983,21.102482
2984,23.35828
2985,45.087532
2986,30.751732
2987,21.147125
2988,8.636535
2989,13.675733
2990,17.851543
2991,19.730976
2992,21.357227
2993,24.056473
2994,30.43937
2995,38.4967
2996,36.03309
2997,31.888403
2998,23.73973
2999,17.409052
3000,8.16848
3001,25.812382
3002,17.769413
3003,26.06742
3004,36.729233
3005,19.372599
3006,25.589243
3007,14.121981
3008,21.092676
3009,26.69918
3010,31.51576
3011,53.37999
3012,37.719955
3013,26.14138
3014,14.714481
3015,12.319944
3016,26.915522
3017,26.73142
3018,28.737133
3019,30.976513
3020,39.31294
3021,50.62681
3022,48.298317
3023,38.657158
3024,32.384132
3025,27.119036
3026,12.922671
3027,33.57551
3028,25.476349
3029,34.48877
3030,44.206757
3031,30.50612
3032,38.422806
3033,22.381462
3034,29.599546
3035,29.829939
3036,41.19909
3037,58.926735
3038,45.37509
3039,32.00606
3040,18.753696
3041,21.211658
3042,28.811579
3043,31.278862
3044,37.905678
3045,42.932167
3046,44.37944
3047,59.765205
3048,53.76033
3049,44.928482
3050,42.728966
3051,23.080273
3052,17.906662
3053,37.94307
3054,33.384163
3055,40.79351
3056,39.39782
3057,24.360992
3058,37.951912
3059,14.600191
3060,26.245712
3061,43.550774
3062,39.676445
3063,22.624453
3064,8.191004
3065,18.443436
3066,17.76606
3067,18.379906
3068,18.648006
3069,26.51886
3070,32.462715
3071,39.625263
3072,38.049637
3073,33.530533
3074,27.763475
3075,15.782183
3076,8.000422
3077,25.392647
3078,8.000422
3079,35.192062
3080,21.670036
3081,20.41465
3082,17.993776
3083,37.298565
3084,44.84639
3085,65.81352
3086,50.256004
3087,35.60301
3088,20.786076
3089,23.881365
3090,30.418848
3091,37.45124
3092,41.68006
3093,46.784775
3094,49.03431
3095,63.010574
3096,54.945343
3097,48.44451
3098,35.830338
3099,24.84109
3100,18.812096
3101,44.8777
3102,35.98416
3103,41.8488
3104,52.54039
3105,34.43692
3106,15.696926
3107,39.869614
3108,30.393251
3109,38.03466
3110,38.63515
3111,41.260895
3112,67.5938
3113,47.825073
3114,34.438614
3115,20.975641
3116,25.219315
3117,34.985588
3118,36.717438
3119,42.374603
3120,44.214775
3121,54.658195
3122,62.51648
3123,52.728424
3124,44.73754
3125,39.68964
3126,34.41432
3127,19.516071
3128,44.469223
3129,37.00838
3130,44.369064
3131,52.20764
3132,31.030003
3133,36.224987
3134,26.9671
3135,30.743431
3136,46.177437
3137,35.681625
3138,26.111128
3139,17.097443
3140,25.875362
3141,23.334944
3142,25.48177
3143,28.088327
3144,31.85894
3145,35.125023
3146,40.436012
3147,37.52777
3148,37.976887
3149,29.187593
3150,24.986664
3151,18.253338
3152,33.18907
3153,16.781055
3154,38.571915
3155,22.591278
3156,35.272747
3157,38.69274
3158,28.321795
3159,26.01159
3160,29.811785
3161,47.40622
3162,39.345848
3163,23.415928
3164,10.068037
3165,21.229483
3166,18.747496
3167,18.086288
3168,30.758104
3169,29.855412
3170,42.49807
3171,50.00872
3172,39.26098
3173,35.055336
3174,26.177885
3175,18.072378
3176,10.978526
3177,33.77463
3178,26.27275
3179,40.891563
3180,51.894005
3181,32.540867
3182,28.873116
3183,36.04795
3184,60.230324
3185,42.1364
3186,28.970442
3187,16.38211
3188,13.904288
3189,26.51339
3190,31.332756
3191,31.386402
3192,39.9707
3193,47.5774
3194,53.48652
3195,46.66516
3196,43.404205
3197,39.34414
3198,23.98293
3199,18.252253
3200,31.451986
3201,30.32251
3202,41.2536
3203,38.792217
3204,24.80371
3205,22.186682
3206,34.22627
3207,39.477974
3208,56.83648
3209,46.84252
3210,29.852137
3211,16.65448
3212,20.999996
3213,29.325384
3214,30.292841
3215,39.294456
3216,43.34056
3217,50.64406
3218,58.41163
3219,52.39765
3220,42.115463
3221,36.63152
3222,27.841545
3223,17.161388
3224,41.40088
3225,36.80184
3226,37.02675
3227,43.6157
3228,32.589966
3229,26.724287
3230,30.78823
3231,30.224442
3232,33.145058
3233,45.79344
3234,42.1074
3235,26.867336
3236,16.80593
3237,14.798097
3238,27.470228
3239,27.30119
3240,32.462006
3241,35.119797
3242,44.154976
3243,48.67729
3244,46.265305
3245,40.59661
3246,34.735413
3247,23.505108
3248,16.482742
3249,39.195503
3250,31.351992
3251,37.185173
3252,35.774845
3253,26.504272
3254,29.530027
3255,36.642357
3256,54.78527
3257,42.78988
3258,30.713379
3259,16.060522
3260,23.030031
3261,27.194393
3262,28.726961
3263,32.64534
3264,36.397133
3265,45.10772
3266,54.170784
3267,47.348373
3268,39.833305
3269,30.946077
3270,28.993246
3271,15.097113
3272,37.40596
3273,31.364668
3274,37.906136
3275,40.781364
3276,35.23703
3277,43.03173
3278,37.601566
3279,38.18371
3280,44.315544
3281,68.47711
3282,48.163048
3283,33.50954
3284,16.678848
3285,21.62746
3286,30.819227
3287,30.341948
3288,44.13022
3289,51.530487
3290,55.79299
3291,65.13911
3292,52.187996
3293,41.25859
3294,40.96071
3295,31.203892
3296,19.938543
3297,45.87242
3298,42.814926
3299,33.272175
3300,31.844522
3301,25.36673
3302,44.676033
3303,43.94439
3304,34.455128
3305,43.7072
3306,60.365074
3307,43.205933
3308,36.054085
3309,18.382145
3310,26.566874
3311,26.542498
3312,36.303467
3313,43.06948
3314,45.10531
3315,53.480515
3316,65.50764
3317,54.055298
3318,44.81121
3319,31.158638
3320,28.849768
3321,20.49519
3322,35.58607
3323,37.40046
3324,45.957787
3325,29.066317
3326,31.127148
3327,34.66308
3328,25.100718
3329,30.660732
3330,47.583298
3331,35.82637
3332,25.863081
3333,11.202797
3334,13.2140255
3335,17.210117
3336,24.281706
3337,27.438162
3338,28.944456
3339,39.187347
3340,51.614
3341,39.454796
3342,36.44842
3343,30.390402
3344,18.345528
3345,9.742568
3346,29.843626
3347,28.413897
3348,16.073505
3349,38.089096
3350,34.531677
3351,27.104065
3352,36.881348
3353,56.501335
3354,41.210693
3355,30.371437
3356,17.058392
3357,20.174706
3358,25.731043
3359,28.048079
3360,28.91918
3361,36.672386
3362,44.118423
3363,55.325592
3364,49.360657
3365,44.021606
3366,35.699642
3367,26.439016
3368,18.230507
3369,34.484253
3370,29.971771
3371,34.47992
3372,38.073757
3373,30.787443
3374,24.93795
3375,23.847263
3376,32.016655
3377,24.89892
3378,28.99643
3379,50.650383
3380,37.769543
3381,25.571453
3382,11.545641
3383,16.989046
3384,22.475975
3385,22.706614
3386,22.501865
3387,30.378338
3388,37.814934
3389,46.003822
3390,33.888466
3391,39.385445
3392,29.212824
3393,20.870863
3394,12.383276
3395,35.966347
3396,24.0459
3397,28.624681
3398,42.766533
3399,29.216932
3400,32.71824
3401,31.313007
3402,30.87202
3403,36.27867
3404,52.66188
3405,43.06501
3406,30.599804
3407,15.788975
3408,22.716312
3409,22.671705
3410,30.341724
3411,36.67731
3412,37.50345
3413,42.616577
3414,50.209694
3415,45.68744
3416,39.241325
3417,34.8191
3418,29.452477
3419,15.64243
3420,36.071472
3421,32.575874
3422,40.2435
3423,38.389534
3424,19.526127
3425,46.941803
3426,30.219345
3427,25.072828
3428,26.380636
3429,52.009605
3430,35.529797
3431,22.778938
3432,10.8652725
3433,16.83473
3434,19.69113
3435,20.369751
3436,21.181
3437,27.473267
3438,37.42456
3439,44.8835
3440,39.661797
3441,32.502396
3442,27.5039
3443,23.167068
3444,11.86878
3445,28.37054
3446,23.637775
3447,33.60823
3448,45.591484
3449,31.911993
3450,32.152008
3451,25.81182
3452,35.13803
3453,47.141434
3454,66.337875
3455,44.630035
3456,35.934456
3457,21.262718
3458,28.511734
3459,28.47385
3460,32.76124
3461,45.644554
3462,53.166183
3463,54.565903
3464,64.00336
3465,51.00515
3466,40.955116
3467,32.855362
3468,24.560093
3469,22.47542
3470,44.224518
3471,38.494976
3472,45.38633
3473,45.426636
3474,32.574738
3475,35.764015
3476,62.262466
3477,41.64998
3478,28.251856
3479,15.8448925
3480,18.723312
3481,29.75496
3482,29.986963
3483,36.93044
3484,36.22226
3485,45.95997
3486,58.096367
3487,46.563507
3488,41.196747
3489,34.937572
3490,26.090965
3491,17.179985
3492,36.903313
3493,32.54329
3494,47.54783
3495,42.23758
3496,19.434938
3497,40.18689
3498,29.404772
3499,26.799385
3500,28.39384
3501,44.236763
3502,37.330173
3503,24.309649
3504,13.154697
3505,19.764275
3506,17.252815
3507,17.900616
3508,32.52601
3509,30.19494
3510,37.423676
3511,44.60112
3512,35.681267
3513,31.88929
3514,26.658314
3515,18.48159
3516,14.065792
3517,32.853836
3518,27.3568
3519,27.836552
3520,33.62527
3521,36.355732
3522,37.02411
3523,29.216423
3524,34.14155
3525,60.99267
3526,42.617325
3527,25.747213
3528,15.070206
3529,18.701912
3530,19.684883
3531,26.05903
3532,30.7195
3533,37.25495
3534,45.66961
3535,46.70871
3536,42.76593
3537,37.493332
3538,33.483856
3539,25.625591
3540,14.099548
3541,40.627487
3542,30.44902
3543,30.229128
3544,43.754936
3545,30.115343
3546,40.31328
3547,41.38217
3548,28.733765
3549,37.804436
3550,54.610077
3551,36.95952
3552,31.04571
3553,16.735546
3554,21.327988
3555,27.36734
3556,31.633314
3557,35.36402
3558,39.181015
3559,40.9088
3560,49.84075
3561,44.945343
3562,34.41668
3563,31.96517
3564,23.571007
3565,16.31168
3566,42.188774
3567,29.521582
3568,42.5263
3569,41.500175
3570,27.698452
3571,30.57355
3572,37.61866
3573,10.15139
3574,23.49802
3575,27.652988
3576,48.041214
3577,35.81218
3578,21.630285
3579,12.087142
3580,10.850473
3581,14.4828415
3582,23.685198
3583,25.376827
3584,31.222486
3585,36.608902
3586,48.803406
3587,43.914673
3588,37.869614
3589,30.013546
3590,21.657433
3591,10.6183405
3592,29.59746
3593,26.742945
3594,22.327671
3595,19.855133
3596,29.541544
3597,19.362259
3598,36.20626
3599,44.10765
3600,73.45846
3601,49.422363
3602,37.792854
3603,20.600134
3604,33.56424
3605,29.264957
3606,38.878452
3607,38.49695
3608,41.415985
3609,51.753815
3610,67.621086
3611,58.282738
3612,47.863617
3613,41.897926
3614,35.00383
3615,20.975641
3616,49.089714
3617,35.45033
3618,50.062714
3619,54.200233
3620,24.376635
3621,38.284523
3622,22.412033
3623,31.74617
3624,50.52057
3625,29.626818
3626,24.402336
3627,11.1976185
3628,14.104549
3629,18.61065
3630,24.623125
3631,31.549383
3632,30.683048
3633,37.947815
3634,43.541183
3635,36.243687
3636,27.545437
3637,22.890862
3638,15.513853
3639,10.785277
3640,33.85736
3641,23.130545
3642,23.020775
3643,30.695055
3644,33.156776
3645,9.675746
3646,33.100533
3647,39.643845
3648,62.656105
3649,44.599678
3650,31.568638
3651,18.798683
3652,23.377098
3653,33.247627
3654,33.392445
3655,34.10032
3656,40.81555
3657,42.53002
3658,58.104362
3659,51.695374
3660,39.116394
3661,35.001022
3662,28.252264
3663,17.859312
3664,39.536026
3665,30.737831
3666,38.890007
3667,49.80391
3668,36.804787
3669,12.335018
3670,46.971466
3671,35.316006
3672,28.29688
3673,34.00602
3674,51.821785
3675,40.24778
3676,28.175436
3677,13.467962
3678,20.64412
3679,21.422064
3680,27.362206
3681,33.92474
3682,33.996567
3683,45.151474
3684,52.800148
3685,41.522385
3686,37.107628
3687,32.39281
3688,26.643223
3689,12.25746
3690,35.96276
3691,30.917269
3692,35.843666
3693,30.30217
3694,19.744293
3695,37.76248
3696,26.98572
3697,29.653606
3698,31.553001
3699,52.07543
3700,39.429832
3701,29.488605
3702,14.210364
3703,17.479591
3704,23.564941
3705,20.915752
3706,29.389679
3707,41.32804
3708,47.216194
3709,51.335266
3710,48.78614
3711,34.191975
3712,32.45793
3713,27.674988
3714,16.80027
3715,34.626713
3716,30.352566
3717,32.334442
3718,34.88951
3719,42.238945
3720,35.264275
3721,31.564245
3722,39.745407
3723,63.48918
3724,44.619118
3725,29.38893
3726,14.9692955
3727,18.815094
3728,27.547886
3729,27.109917
3730,32.276215
3731,42.73269
3732,51.7976
3733,55.317818
3734,52.301163
3735,43.154716
3736,31.665916
3737,26.749538
3738,15.311761
3739,40.037888
3740,35.155857
3741,45.402527
3742,33.94288
3743,21.506516
3744,28.24094
3745,26.574398
3746,35.09678
3747,43.434814
3748,58.68695
3749,47.844917
3750,33.34558
3751,20.975641
3752,20.975641
3753,29.272596
3754,34.001617
3755,41.47515
3756,46.910393
3757,56.175735
3758,59.211647
3759,52.91578
3760,36.648445
3761,35.62294
3762,31.4315
3763,19.034847
3764,47.214783
3765,40.34105
3766,44.30487
3767,33.13508
3768,20.622581
3769,39.957832
3770,35.477505
3771,23.151516
3772,24.094135
3773,51.336243
3774,31.396074
3775,20.93304
3776,8.482026
3777,13.202141
3778,16.225147
3779,21.39722
3780,27.32795
3781,27.594433
3782,31.226873
3783,44.589966
3784,38.67596
3785,20.417704
3786,26.537842
3787,19.649187
3788,8.480812
3789,25.56894
3790,21.924036
3791,41.40777
3792,18.333878
3793,24.163347
3794,20.98273
3795,28.163963
3796,33.580627
3797,48.40361
3798,41.83174
3799,26.149303
3800,11.747658
3801,16.624235
3802,20.698341
3803,22.233528
3804,29.278353
3805,39.36117
3806,44.8032
3807,48.97563
3808,44.93361
3809,40.059906
3810,30.19833
3811,27.931581
3812,14.057354
3813,35.6551
3814,30.477552
3815,37.665623
3816,31.37766
3817,32.18576
3818,17.236736
3819,26.087101
3820,37.520264
3821,56.860985
3822,42.666786
3823,28.038052
3824,14.266075
3825,20.500965
3826,21.885109
3827,25.260895
3828,36.244617
3829,36.53132
3830,45.643456
3831,52.99746
3832,53.053314
3833,45.969193
3834,35.660316
3835,23.670576
3836,12.472137
3837,34.49254
3838,30.321274
3839,40.3118
3840,45.469
3841,19.07438
3842,17.098309
3843,57.841133
3844,33.19808
3845,40.647392
3846,61.8565
3847,43.62085
3848,33.364647
3849,14.816996
3850,20.13771
3851,26.01453
3852,31.305079
3853,40.044563
3854,46.493355
3855,48.590355
3856,61.663803
3857,51.04058
3858,38.46591
3859,33.50521
3860,27.477173
3861,14.505463
3862,42.212936
3863,35.362473
3864,40.54825
3865,27.597439
3866,31.821995
3867,32.970352
3868,40.54766
3869,37.959534
3870,24.328316
3871,24.8208
3872,38.917053
3873,30.709661
3874,20.818897
3875,13.627489
3876,8.000422
3877,14.201775
3878,20.174423
3879,26.022522
3880,36.423973
3881,34.212074
3882,35.02987
3883,35.854286
3884,28.057
3885,28.411077
3886,17.729795
3887,14.83884
3888,23.609459
3889,25.130735
3890,16.89301
3891,27.240128
3892,25.26104
3893,32.218548
3894,44.958817
3895,69.426056
3896,45.953003
3897,31.931273
3898,15.477549
3899,18.042994
3900,26.772036
3901,30.478651
3902,47.33531
3903,46.27037
3904,53.50389
3905,55.244957
3906,48.667885
3907,46.19229
3908,42.05155
3909,26.9572
3910,15.606207
3911,48.843437
3912,37.758087
3913,43.225716
3914,42.950195
3915,35.840355
3916,38.85589
3917,29.671242
3918,39.17153
3919,58.07341
3920,38.19674
3921,29.108341
3922,16.280209
3923,18.61261
3924,26.114056
3925,31.324953
3926,35.092762
3927,42.74891
3928,46.676643
3929,60.191048
3930,43.488052
3931,41.44764
3932,33.98034
3933,17.717758
3934,15.148184
3935,39.390747
3936,28.904634
3937,36.61502
3938,41.573143
3939,23.322815
3940,20.18052
3941,20.135183
3942,20.076118
3943,23.17276
3944,46.25595
3945,27.877281
3946,18.01515
3947,10.45244
3948,16.78903
3949,14.388368
3950,14.15227
3951,20.596706
3952,28.014235
3953,35.347733
3954,31.96604
3955,35.076893
3956,28.385794
3957,21.629143
3958,16.262135
3959,10.1316805
3960,27.464233
3961,19.563671
3962,19.072653
3963,33.989594
3964,21.854736
3965,27.388735
3966,22.818895
3967,26.400553
3968,25.511614
3969,48.714035
3970,38.06318
3971,25.54317
3972,8.000422
3973,13.153177
3974,12.22608
3975,21.90121
3976,24.699913
3977,29.375141
3978,40.27765
3979,46.719925
3980,39.892918
3981,33.40824
3982,23.772896
3983,17.58659
3984,11.853269
3985,30.974096
3986,26.213537
3987,24.16587
3988,38.15709
3989,28.650373
3990,23.340462
3991,28.703165
3992,34.257652
3993,67.583885
3994,39.276787
3995,27.40567
3996,13.650007
3997,24.078318
3998,21.691206
3999,29.682766
4000,29.75432
4001,38.13974
4002,40.882195
4003,56.183586
4004,55.144897
4005,38.375053
4006,32.25083
4007,26.328352
4008,14.811247
4009,33.95166
4010,28.083397
4011,37.980858
4012,56.491173
4013,19.025848
4014,28.105982
4015,25.135624
4016,21.747818
4017,26.829966
4018,42.717545
4019,31.100267
4020,24.106047
4021,10.912931
4022,17.392014
4023,22.452572
4024,19.223824
4025,23.37315
4026,25.427702
4027,31.951225
4028,44.99621
4029,34.81596
4030,32.75228
4031,25.668005
4032,19.65232
4033,10.931813
4034,28.422132
4035,22.396645
4036,29.712748
4037,37.001312
4038,23.496944
4039,36.976234
4040,17.930153
4041,23.81335
4042,34.211372
4043,44.021507
4044,61.07563
4045,44.332245
4046,31.519897
4047,18.45206
4048,23.998909
4049,25.129986
4050,31.88542
4051,47.405815
4052,47.10395
4053,47.2686
4054,54.52784
4055,46.2442
4056,43.798462
4057,36.79885
4058,29.274208
4059,19.621399
4060,46.42553
4061,39.735985
4062,42.842865
4063,33.70043
4064,24.33996
4065,29.463814
4066,50.48265
4067,38.09195
4068,21.482174
4069,9.87727
4070,20.531055
4071,17.456013
4072,23.162647
4073,25.268734
4074,30.52738
4075,38.904083
4076,54.36225
4077,45.417892
4078,32.397186
4079,26.646511
4080,18.751831
4081,10.872982
4082,32.430595
4083,25.338055
4084,42.763695
4085,35.60089
4086,28.847107
4087,22.32956
4088,22.540054
4089,28.86354
4090,32.65902
4091,59.769997
4092,40.35556
4093,26.962175
4094,14.11972
4095,16.508638
4096,24.177948
4097,29.010765
4098,33.89332
4099,33.096
4100,43.395477
4101,39.583862
4102,49.73169
4103,35.23268
4104,27.757305
4105,22.511993
4106,16.103344
4107,40.144943
4108,30.29435
4109,36.274933
4110,32.180965
4111,33.591583
4112,47.4215
4113,62.578056
4114,43.720917
4115,31.216782
4116,21.766396
4117,23.024954
4118,27.765255
4119,50.99328
4120,43.65677
4121,42.51245
4122,40.32229
4123,64.447495
4124,48.97264
4125,36.381416
4126,34.280567
4127,29.37512
4128,19.702412
4129,29.834734
4130,9.546588
4131,32.56552
4132,39.386436
4133,46.46659
4134,28.162176
4135,45.78627
4136,65.73317
4137,69.599396
4138,58.06308
4139,50.11592
4140,45.388542
4141,38.459316
4142,46.0951
4143,59.39009
4144,60.054405
4145,58.894722
4146,67.13373
4147,61.486473
4148,51.945732
4149,47.8089
4150,36.47597
4151,37.34507
4152,24.919687
4153,62.871475
4154,57.25023
4155,27.657227
4156,36.09043
4157,35.3583
4158,32.91694
4159,37.164814
4160,18.314545
4161,24.38424
4162,43.641052
4163,35.095673
4164,27.315659
4165,29.180826
4166,29.273172
4167,37.81418
4168,33.91735
4169,32.970993
4170,23.08423
4171,34.3777
4172,14.607595
4173,30.38363
4174,20.887642
4175,30.272964
4176,35.68078
4177,31.786379
4178,55.35762
4179,43.92785
4180,39.03325
4181,49.374504
4182,47.516968
4183,47.6867
4184,38.939445
4185,52.008324
4186,24.219303
4187,42.942
4188,39.968742
4189,46.97206
4190,55.01381
4191,43.070244
4192,66.45955
4193,36.05036
4194,47.632355
4195,40.190117
4196,49.93757
4197,47.38012
4198,49.627655
4199,55.906975
4200,46.626778
4201,52.892113
4202,38.707657
4203,36.818287
4204,34.78009
4205,38.5009
4206,48.33056
4207,43.26265
4208,53.014725
4209,54.650497
4210,43.302666
4211,45.813736
4212,44.994423
4213,57.559166
4214,36.588074
4215,46.359077
4216,43.269447
4217,36.58973
4218,42.016167
4219,38.75224
4220,35.089935
4221,43.90361
4222,58.157684
4223,35.38164
4224,50.30828
4225,45.069084
4226,42.99344
4227,48.733887
4228,48.47969
4229,49.2927
4230,44.817535
4231,46.13395
4232,45.727814
4233,50.531967
4234,39.8297
4235,54.556656
4236,47.36788
4237,47.86638
4238,47.09951
4239,32.314384
4240,49.658447
4241,54.10971
4242,48.238182
4243,47.149254
4244,38.352013
4245,44.21849
4246,47.87851
4247,45.345016
4248,47.207527
4249,43.986305
4250,42.461655
4251,49.382492
4252,53.28894
4253,32.376816
4254,34.943336
4255,43.800125
4256,44.733833
4257,49.156143
4258,40.30236
4259,50.69355
4260,55.486977
4261,44.444
4262,47.244293
4263,53.464912
4264,17.764141
4265,50.840668
4266,52.73941
4267,47.060623
4268,44.607132
4269,37.740845
4270,46.03379
4271,24.012943
4272,47.30372
4273,42.069115
4274,49.298042
4275,40.862656
4276,38.50952
4277,42.51111
4278,38.286137
4279,50.593697
4280,45.249947
4281,42.810997
4282,33.81839
4283,44.079437
4284,50.249184
4285,36.51167
4286,50.175682
4287,42.43112
4288,51.580368
4289,54.310196
4290,42.517654
4291,43.26506
4292,56.325386
4293,46.81784
4294,49.158356
4295,54.953033
4296,56.80874
4297,47.61017
4298,53.776237
4299,47.48413
4300,43.58264
4301,49.244316
4302,36.48624
4303,51.13823
4304,57.280502
4305,52.077423
4306,44.822487
4307,26.732988
4308,40.155273
4309,47.579468
4310,52.560936
4311,35.055233
4312,53.19345
4313,40.170563
4314,52.119896
4315,43.838608
4316,38.784542
4317,45.961945
4318,8.634672
4319,52.793053
4320,55.840714
4321,39.633442
4322,37.268356
4323,50.105453
4324,48.682037
4325,46.178055
4326,45.31257
4327,51.913757
4328,37.773712
4329,37.631546
4330,49.762184
4331,49.925545
4332,38.75932
4333,45.36477
4334,45.67784
4335,43.521225
4336,50.288986
4337,37.830673
4338,49.75354
4339,43.373657
4340,56.014816
4341,54.625275
4342,42.909805
4343,46.294525
4344,47.76584
4345,44.515526
4346,31.82757
4347,52.661232
4348,45.753403
4349,44.73391
4350,43.865074
4351,44.252235
4352,52.751175
4353,41.40513
4354,51.81404
4355,26.394594
4356,40.312347
4357,48.470474
4358,49.24243
4359,40.97773
4360,41.210457
4361,36.11789
4362,44.872246
4363,48.338333
4364,39.939636
4365,39.795174
4366,43.51467
4367,50.864944
4368,50.359955
4369,48.222763
4370,48.776024
4371,49.101402
4372,44.682083
4373,42.850647
4374,48.321793
4375,34.21663
4376,42.08435
4377,45.011826
4378,50.97847
4379,40.59115
4380,45.14875
4381,50.120125
4382,45.24855
4383,39.58866
4384,53.13064
4385,51.393875
4386,51.62702
4387,46.712982
4388,44.634285
4389,48.047897
4390,40.31539
4391,40.09127
4392,42.89187
4393,44.035446
4394,39.108738
4395,47.854965
4396,49.046265
4397,53.57704
4398,34.7705
4399,49.60058
4400,45.08457
4401,46.641426
4402,41.381874
4403,49.54843
4404,52.500908
4405,20.807175
4406,19.157146
4407,50.43318
4408,46.18994
4409,43.83216
4410,41.12935
4411,44.181267
4412,47.529724
4413,45.595665
4414,47.53376
4415,49.74791
4416,43.58471
4417,46.68554
4418,55.065834
4419,43.50071
4420,44.684555
4421,51.39698
4422,41.011307
4423,48.459473
4424,43.586906
4425,39.50123
4426,36.106846
4427,43.930794
4428,31.399372
4429,41.4738
4430,46.64881
4431,48.032356
4432,53.628883
4433,35.54435
4434,42.14586
4435,15.606667
4436,45.295532
4437,43.3571
4438,33.936043
4439,44.579453
4440,52.25145
4441,47.81127
4442,56.986824
4443,35.450245
4444,45.71566
4445,37.436092
4446,39.980286
4447,45.638268
4448,49.925034
4449,41.26821
4450,50.741707
4451,46.68908
4452,50.491455
4453,36.36466
4454,47.46457
4455,49.85668
4456,32.2007
4457,50.189972
4458,47.418213
4459,45.438858
4460,28.669668
4461,45.561638
4462,34.67247
4463,41.053787
4464,44.17994
4465,54.096214
4466,46.25409
4467,36.604023
4468,39.875328
4469,42.00959
4470,46.233696
4471,43.910576
4472,52.19564
4473,48.86965
4474,44.23699
4475,43.92962
4476,36.75021
4477,44.38646
4478,51.568855
4479,49.390625
4480,23.016788
4481,43.43361
4482,52.505592
4483,49.006653
4484,46.522102
4485,49.796547
4486,44.006706
4487,37.518723
4488,39.487724
4489,41.99775
4490,53.414803
4491,52.318596
4492,44.87136
4493,36.92153
4494,44.39463
4495,50.71405
4496,48.62355
4497,43.87314
4498,45.687386
4499,44.127563
4500,35.021156
4501,50.29635
4502,43.353615
4503,46.443512
4504,67.11053
4505,45.388153
4506,50.40564
4507,45.495895
4508,49.798576
4509,48.39296
4510,52.722786
4511,42.75255
4512,55.87117
4513,37.925438
4514,48.38215
4515,31.23373
4516,38.20533
4517,39.252213
4518,39.859985
4519,48.334633
4520,41.40895
4521,37.174767
4522,44.116844
4523,42.858864
4524,46.37509
4525,44.67228
4526,52.81555
4527,38.01001
4528,31.165531
4529,47.014297
4530,49.660507
4531,53.87674
4532,48.469833
4533,35.19787
4534,52.43766
4535,60.922165
4536,36.4432
4537,52.851707
4538,41.318726
4539,52.81749
4540,41.94355
4541,51.2378
4542,46.609657
4543,48.083115
4544,47.977966
4545,37.913597
4546,42.740036
4547,37.22744
4548,43.570023
4549,43.844482
4550,49.71395
4551,36.07507
4552,52.31501
4553,30.502974
4554,48.88491
4555,38.622795
4556,37.717255
4557,47.107117
4558,49.724586
4559,49.737892
4560,45.05864
4561,32.646492
4562,46.10263
4563,54.152084
4564,48.072945
4565,47.23523
4566,56.944054
4567,34.324345
4568,44.25818
4569,51.577072
4570,37.808907
4571,45.1215
4572,52.66031
4573,47.564857
4574,33.211304
4575,54.720535
4576,54.72496
4577,39.868774
4578,51.86167
4579,54.311913
4580,39.01113
4581,54.439064
4582,39.080578
4583,47.53161
4584,43.617462
4585,48.516586
4586,47.86251
4587,35.223038
4588,45.615585
4589,41.351967
4590,57.590958
4591,57.262085
4592,37.98548
4593,10.892626
4594,46.280655
4595,48.880096
4596,36.33687
4597,40.84574
4598,49.016357
4599,48.16281
4600,43.426323
4601,55.216354
4602,47.225594
4603,47.518127
4604,46.815147
4605,52.900887
4606,48.55265
4607,51.3946
4608,47.031685
4609,38.08751
4610,47.42662
4611,47.20745
4612,47.494583
4613,39.7243
4614,34.65466
4615,50.37497
4616,44.36857
4617,56.123764
4618,43.212593
4619,39.614403
4620,52.094833
4621,50.749527
4622,44.383476
4623,41.07746
4624,41.642815
4625,57.46559
4626,57.992867
4627,45.197594
4628,43.73832
4629,23.637297
4630,36.235744
4631,50.83435
4632,52.60032
4633,41.884964
4634,55.61299
4635,46.247345
